<?xml version="1.0" encoding="UTF-8"?>
<?xml-stylesheet type="text/xsl" href="products.xsl"?>
<!DOCTYPE products SYSTEM "products.dtd">

<products>
    <product>
        <id>201</id>
        <name>Laptop</name>
        <category>Electronics</category>
        <price>65000</price>
        <quantity>12</quantity>
        <description>15.6 inch display, 16GB RAM</description>
    </product>
    <product>
        <id>202</id>
        <name>Smartphone</name>
        <category>Electronics</category>
        <price>30000</price>
        <quantity>25</quantity>
        <description>6.5 inch AMOLED screen</description>
    </product>
    <product>
        <id>203</id>
        <name>Office Chair</name>
        <category>Furniture</category>
        <price>7000</price>
        <quantity>40</quantity>
        <description>Ergonomic with lumbar support</description>
    </product>
</products>
