<?xml version="1.0" encoding="UTF-8"?>
<?xml-stylesheet type="text/xsl" href="employee.xsl"?>
<!DOCTYPE products [
    <!ELEMENT products (product+)>
    <!ELEMENT product (id, name, category, price, stock)>
    <!ELEMENT id (#PCDATA)>
    <!ELEMENT name (#PCDATA)>
    <!ELEMENT category (#PCDATA)>
    <!ELEMENT price (#PCDATA)>
    <!ELEMENT stock (#PCDATA)>
]>
<products>
    <product>
        <id>P101</id>0..
        <name>Laptop</name>
        <category>Electronics</category>
        <price>55000</price>
        <stock>25</stock>
    </product>
    <product>
        <id>P102</id>
        <name>Wireless Mouse</name>
        <category>Accessories</category>
        <price>1200</price>
        <stock>100</stock>
    </product>
    <product>
        <id>P103</id>
        <name>Office Chair</name>
        <category>Furniture</category>
        <price>7500</price>
        <stock>40</stock>
    </product>
</products>
<!-- DTD = document type defination define structure and rules of xml -->
 <!-- PCDATA = parsed character data , element that contains text -->
