<products>
    <product>
        <id>101</id>
        <name>Laptop</name>
        <category>Electronics</category>
        <price>55000</price>
        <stock>10</stock>
    </product>
    <product>
        <id>102</id>
        <name>Phone</name>
        <category>Electronics</category>
        <price>20000</price>
        <stock>50</stock>
    </product>
    <product>
        <id>103</id>
        <name>Headphones</name>
        <category>Accessories</category>
        <price>1500</price>
        <stock>100</stock>
    </product>
</products>
