{
  "StoryBooks": [
    {
      "Title": "Vampire Diaries",
      "Author": "L.J. Smith",
      "Edition": "5th"
    },
    {
      "Title": "Ginny and Georgia",
      "Author": "Sarah Lampert",
      "Edition": "2nd"
    },
    {
      "Title": "All of Us Are Dead",
      "Author": "Joo Dong-geun",
      "Edition": "1st"
    },
    {
      "Title": "King of Wrath",
      "Author": "Ana Huang",
      "Edition": "1st"
    },
    {
      "Title": "End",
      "Author": "David LaChapelle",
      "Edition": "3rd"
    }
  ]
}
